{"cameraMode":{"drawMode":0,"name":"Shaded","section":"Shading Mode"},"sceneLighting":true,"audioPlay":false,"sceneViewState":{"showFog":true,"showMaterialUpdate":false,"showSkybox":true,"showFlares":true,"showImageEffects":true,"showParticleSystems":true},"in2DMode":false,"pivot":{"x":-18.889999389648439,"y":1.0,"z":-14.732999801635743},"rotation":{"x":0.07952915877103806,"y":0.20315013825893403,"z":-0.016504734754562379,"w":0.9757729172706604},"size":-3.1723549365997316,"orthographic":false}